Workbook

Sheet Invités & Classement
A1: Submission ID | B1: Respondent ID | C1: Submitted at | D1: Comment tu t'appelles ? | E1: Mission actuelle | F1: 🔐 Softr Record ID
A2: Adam | B2: Paris 16e | C2: 0 | E2: {=IF(COUNTIF('Tirage du Mercato'!$D:$D, A2)=0, "⚠️ Clique sur le bouton pour piocher ta mission !", INDEX('Pool de missions'!$B$2:$B$101, MOD(COUNTIF('Tirage du Mercato'!$D:$D, A2) * 7 + ROW(A2), 100) + 1))} -> ⚠️ Clique sur le bouton pour piocher ta mission ! | F2: 3CSscV6wELNnXRL3MasVR3
A3: Adrien Thomas | B3: Puteaux | C3: 0 | E3: {=IF(COUNTIF('Tirage du Mercato'!$D:$D, A3)=0, "⚠️ Clique sur le bouton pour piocher ta mission !", INDEX('Pool de missions'!$B$2:$B$101, MOD(COUNTIF('Tirage du Mercato'!$D:$D, A3) * 7 + ROW(A3), 100) + 1))} -> ⚠️ Clique sur le bouton pour piocher ta mission ! | F3: 3PW6eNq4QqPWiRn9tjxHwc
A4: Agathe R | B4: Neuilly | C4: 0 | E4: {=IF(COUNTIF('Tirage du Mercato'!$D:$D, A4)=0, "⚠️ Clique sur le bouton pour piocher ta mission !", INDEX('Pool de missions'!$B$2:$B$101, MOD(COUNTIF('Tirage du Mercato'!$D:$D, A4) * 7 + ROW(A4), 100) + 1))} -> ⚠️ Clique sur le bouton pour piocher ta mission ! | F4: Jd8ZvqDP4beT1utyHbHn26
A5: Alexandre T | B5: Lyon | C5: 0 | E5: {=IF(COUNTIF('Tirage du Mercato'!$D:$D, A5)=0, "⚠️ Clique sur le bouton pour piocher ta mission !", INDEX('Pool de missions'!$B$2:$B$101, MOD(COUNTIF('Tirage du Mercato'!$D:$D, A5) * 7 + ROW(A5), 100) + 1))} -> ⚠️ Clique sur le bouton pour piocher ta mission ! | F5: FAXitZFzr1NPz383mjKqid
A6: Anne Couapel | B6: Paris 15e | C6: 0 | E6: {=IF(COUNTIF('Tirage du Mercato'!$D:$D, A6)=0, "⚠️ Clique sur le bouton pour piocher ta mission !", INDEX('Pool de missions'!$B$2:$B$101, MOD(COUNTIF('Tirage du Mercato'!$D:$D, A6) * 7 + ROW(A6), 100) + 1))} -> ⚠️ Clique sur le bouton pour piocher ta mission ! | F6: 7RM7MiMUfKwcGMp5yzK7MY
A7: Antoni De Jesus | B7: Lyon 8e | C7: 0 | E7: {=IF(COUNTIF('Tirage du Mercato'!$D:$D, A7)=0, "⚠️ Clique sur le bouton pour piocher ta mission !", INDEX('Pool de missions'!$B$2:$B$101, MOD(COUNTIF('Tirage du Mercato'!$D:$D, A7) * 7 + ROW(A7), 100) + 1))} -> ⚠️ Clique sur le bouton pour piocher ta mission ! | F7: J73RNUFisSsEkhaVQmk4wr
A8: Antoine Wischlen | B8: Paris 7e | C8: 0 | E8: {=IF(COUNTIF('Tirage du Mercato'!$D:$D, A8)=0, "⚠️ Clique sur le bouton pour piocher ta mission !", INDEX('Pool de missions'!$B$2:$B$101, MOD(COUNTIF('Tirage du Mercato'!$D:$D, A8) * 7 + ROW(A8), 100) + 1))} -> ⚠️ Clique sur le bouton pour piocher ta mission ! | F8: HvNr4AJCEYumNTB3YBp5Ff
A9: Arno Larode | B9: Choisy-le-Roi | C9: 0 | E9: {=IF(COUNTIF('Tirage du Mercato'!$D:$D, A9)=0, "⚠️ Clique sur le bouton pour piocher ta mission !", INDEX('Pool de missions'!$B$2:$B$101, MOD(COUNTIF('Tirage du Mercato'!$D:$D, A9) * 7 + ROW(A9), 100) + 1))} -> ⚠️ Clique sur le bouton pour piocher ta mission ! | F9: 9TU5JGmrNRwedDdHdK6fLC
A10: Audrey | B10: Toulouse | C10: 0 | E10: {=IF(COUNTIF('Tirage du Mercato'!$D:$D, A10)=0, "⚠️ Clique sur le bouton pour piocher ta mission !", INDEX('Pool de missions'!$B$2:$B$101, MOD(COUNTIF('Tirage du Mercato'!$D:$D, A10) * 7 + ROW(A10), 100) + 1))} -> ⚠️ Clique sur le bouton pour piocher ta mission ! | F10: V4yjDi1WzeFBk4SZU8RcDU
A11: Cedric Kouakam | B11: Puteaux | C11: 0 | E11: {=IF(COUNTIF('Tirage du Mercato'!$D:$D, A11)=0, "⚠️ Clique sur le bouton pour piocher ta mission !", INDEX('Pool de missions'!$B$2:$B$101, MOD(COUNTIF('Tirage du Mercato'!$D:$D, A11) * 7 + ROW(A11), 100) + 1))} -> ⚠️ Clique sur le bouton pour piocher ta mission ! | F11: MB2MrqY4LaoPjXP9icTsAq
A12: Celya | B12: Paris 3e | C12: 0 | E12: {=IF(COUNTIF('Tirage du Mercato'!$D:$D, A12)=0, "⚠️ Clique sur le bouton pour piocher ta mission !", INDEX('Pool de missions'!$B$2:$B$101, MOD(COUNTIF('Tirage du Mercato'!$D:$D, A12) * 7 + ROW(A12), 100) + 1))} -> ⚠️ Clique sur le bouton pour piocher ta mission ! | F12: G9faF9fH57JXp7yBszbNP3
A13: Charles Lefeuvre | B13: Toulouse | C13: 0 | E13: {=IF(COUNTIF('Tirage du Mercato'!$D:$D, A13)=0, "⚠️ Clique sur le bouton pour piocher ta mission !", INDEX('Pool de missions'!$B$2:$B$101, MOD(COUNTIF('Tirage du Mercato'!$D:$D, A13) * 7 + ROW(A13), 100) + 1))} -> ⚠️ Clique sur le bouton pour piocher ta mission ! | F13: 9WDVkf9JwMfbcBSyqk96a4
... A32: Jules | B32: Lyon | C32: 0 | E32: {=IF(COUNTIF('Tirage du Mercato'!$D:$D, A32)=0, "⚠️ Clique sur le bouton pour piocher ta mission !", INDEX('Pool de missions'!$B$2:$B$101, MOD(COUNTIF('Tirage du Mercato'!$D:$D, A32) * 7 + ROW(A32), 100) + 1))} -> ⚠️ Clique sur le bouton pour piocher ta mission ! | F32: 9TPiQtfeZd4nWNkNKwpECC
A33: Julie Felicia | C33: 0 | E33: {=IF(COUNTIF('Tirage du Mercato'!$D:$D, A33)=0, "⚠️ Clique sur le bouton pour piocher ta mission !", INDEX('Pool de missions'!$B$2:$B$101, MOD(COUNTIF('Tirage du Mercato'!$D:$D, A33) * 7 + ROW(A33), 100) + 1))} -> ⚠️ Clique sur le bouton pour piocher ta mission ! | F33: u5eytpJ51t8VW6HG5Di3X
A34: Julie La Parisienne | B34: Lyon | C34: 0 | E34: {=IF(COUNTIF('Tirage du Mercato'!$D:$D, A34)=0, "⚠️ Clique sur le bouton pour piocher ta mission !", INDEX('Pool de missions'!$B$2:$B$101, MOD(COUNTIF('Tirage du Mercato'!$D:$D, A34) * 7 + ROW(A34), 100) + 1))} -> ⚠️ Clique sur le bouton pour piocher ta mission ! | F34: AKdA1UHwbtatFUv95Xvn3P
A35: Alex Becquet | B35: Boulogne | C35: 0 | E35: {=IF(COUNTIF('Tirage du Mercato'!$D:$D, A35)=0, "⚠️ Clique sur le bouton pour piocher ta mission !", INDEX('Pool de missions'!$B$2:$B$101, MOD(COUNTIF('Tirage du Mercato'!$D:$D, A35) * 7 + ROW(A35), 100) + 1))} -> ⚠️ Clique sur le bouton pour piocher ta mission ! | F35: 5Dryupfa8HZ4G5aYN3czTA
A36: Léa Becquet | B36: Gouvieux | C36: 0 | E36: {=IF(COUNTIF('Tirage du Mercato'!$D:$D, A36)=0, "⚠️ Clique sur le bouton pour piocher ta mission !", INDEX('Pool de missions'!$B$2:$B$101, MOD(COUNTIF('Tirage du Mercato'!$D:$D, A36) * 7 + ROW(A36), 100) + 1))} -> ⚠️ Clique sur le bouton pour piocher ta mission ! | F36: M4oGbA3vsAcBQu1Hfe1uza
A37: Loïc Laurent | B37: Paris 12e | C37: 0 | E37: {=IF(COUNTIF('Tirage du Mercato'!$D:$D, A37)=0, "⚠️ Clique sur le bouton pour piocher ta mission !", INDEX('Pool de missions'!$B$2:$B$101, MOD(COUNTIF('Tirage du Mercato'!$D:$D, A37) * 7 + ROW(A37), 100) + 1))} -> ⚠️ Clique sur le bouton pour piocher ta mission ! | F37: W1CANxkNLWrLKY7JfwLZ9w
A38: Lucile Ferrand | B38: Grenoble | C38: 0 | E38: {=IF(COUNTIF('Tirage du Mercato'!$D:$D, A38)=0, "⚠️ Clique sur le bouton pour piocher ta mission !", INDEX('Pool de missions'!$B$2:$B$101, MOD(COUNTIF('Tirage du Mercato'!$D:$D, A38) * 7 + ROW(A38), 100) + 1))} -> ⚠️ Clique sur le bouton pour piocher ta mission ! | F38: T9o6NHDpxbdqTbMCNrJrA4
A39: Margot | B39: Paris 12e | C39: 0 | E39: {=IF(COUNTIF('Tirage du Mercato'!$D:$D, A39)=0, "⚠️ Clique sur le bouton pour piocher ta mission !", INDEX('Pool de missions'!$B$2:$B$101, MOD(COUNTIF('Tirage du Mercato'!$D:$D, A39) * 7 + ROW(A39), 100) + 1))} -> ⚠️ Clique sur le bouton pour piocher ta mission ! | F39: BUjcjj3YnRQpQDBS4fJtpR
A40: Marie Warolin | B40: Montrouge | C40: 0 | E40: {=IF(COUNTIF('Tirage du Mercato'!$D:$D, A40)=0, "⚠️ Clique sur le bouton pour piocher ta mission !", INDEX('Pool de missions'!$B$2:$B$101, MOD(COUNTIF('Tirage du Mercato'!$D:$D, A40) * 7 + ROW(A40), 100) + 1))} -> ⚠️ Clique sur le bouton pour piocher ta mission ! | F40: Wx7nHxSiNRj9r2x4U5xGQz
A41: Marin Come | B41: Lyon | C41: 0 | E41: {=IF(COUNTIF('Tirage du Mercato'!$D:$D, A41)=0, "⚠️ Clique sur le bouton pour piocher ta mission !", INDEX('Pool de missions'!$B$2:$B$101, MOD(COUNTIF('Tirage du Mercato'!$D:$D, A41) * 7 + ROW(A41), 100) + 1))} -> ⚠️ Clique sur le bouton pour piocher ta mission ! | F41: FDbXoamfd94Coc8DyHtNFx
A42: Mathilde Cornu Becquet | B42: Paris 7e | C42: 0 | E42: {=IF(COUNTIF('Tirage du Mercato'!$D:$D, A42)=0, "⚠️ Clique sur le bouton pour piocher ta mission !", INDEX('Pool de missions'!$B$2:$B$101, MOD(COUNTIF('Tirage du Mercato'!$D:$D, A42) * 7 + ROW(A42), 100) + 1))} -> ⚠️ Clique sur le bouton pour piocher ta mission ! | F42: UpviYu6iCbLWQdimyW4epj
A43: Mathis Rattier | B43: Paris 15e | C43: 0 | E43: {=IF(COUNTIF('Tirage du Mercato'!$D:$D, A43)=0, "⚠️ Clique sur le bouton pour piocher ta mission !", INDEX('Pool de missions'!$B$2:$B$101, MOD(COUNTIF('Tirage du Mercato'!$D:$D, A43) * 7 + ROW(A43), 100) + 1))} -> ⚠️ Clique sur le bouton pour piocher ta mission ! | F43: 5jQQzVmgpQoVH3UJQLYMWe
A44: Maxence Trognon | B44: Paris 11e | C44: 0 | E44: {=IF(COUNTIF('Tirage du Mercato'!$D:$D, A44)=0, "⚠️ Clique sur le bouton pour piocher ta mission !", INDEX('Pool de missions'!$B$2:$B$101, MOD(COUNTIF('Tirage du Mercato'!$D:$D, A44) * 7 + ROW(A44), 100) + 1))} -> ⚠️ Clique sur le bouton pour piocher ta mission ! | F44: CNAT8PRdaqym96k291vTDQ
A45: Médéric | B45: Lyon 5e | C45: 0 | E45: {=IF(COUNTIF('Tirage du Mercato'!$D:$D, A45)=0, "⚠️ Clique sur le bouton pour piocher ta mission !", INDEX('Pool de missions'!$B$2:$B$101, MOD(COUNTIF('Tirage du Mercato'!$D:$D, A45) * 7 + ROW(A45), 100) + 1))} -> ⚠️ Clique sur le bouton pour piocher ta mission ! | F45: Uwdd1Rx1YpCFubHCDnTnWt
... A68: Lucas Nobile | B68: Lyon 6e | C68: 0 | E68: {=IF(COUNTIF('Tirage du Mercato'!$D:$D, A68)=0, "⚠️ Clique sur le bouton pour piocher ta mission !", INDEX('Pool de missions'!$B$2:$B$101, MOD(COUNTIF('Tirage du Mercato'!$D:$D, A68) * 7 + ROW(A68), 100) + 1))} -> ⚠️ Clique sur le bouton pour piocher ta mission ! | F68: 5oLRR6PBvqj1ZEZy4ZHUvC
A69: Arbitre 1 | B69: Paris | C69: 0 | D69: Arbitre | E69: FootMode2026 | F69: 49jqpMyh58P5ZAoFw9XfzF
A70: Arbitre 2 | B70: Lyon | C70: 0 | D70: Arbitre | E70: FootMode2026 | F70: U2mMkVukFK4tqtGC6Przg2

Sheet Pool de Critères
A1: ID | B1: Critère | C1: Catégorie
A2: CRIT-01 | B2: Un maillot avec du bleu dominant | C2: Catégorie A
A3: CRIT-02 | B3: Un maillot avec du blanc dominant | C3: Catégorie A
A4: CRIT-03 | B4: Un maillot avec du rouge dominant | C4: Catégorie A
A5: CRIT-04 | B5: Un maillot avec du noir ou du gris foncé | C5: Catégorie A
A6: CRIT-05 | B6: Un maillot avec une couleur "flashy" (jaune, orange, rose ou vert fluo) | C6: Catégorie A
A7: CRIT-06 | B7: Un maillot avec des rayures verticales (type Juventus, Argentine, Milan AC...) | C7: Catégorie A
A8: CRIT-07 | B8: Un maillot avec des motifs géométriques discrets dans le tissu | C8: Catégorie A
A9: CRIT-08 | B9: Un maillot avec un col à boutons (type polo) | C9: Catégorie A
A10: CRIT-09 | B10: Un maillot avec des manches d'une couleur différente du torse (style Arsenal/West Ham) | C10: Catégorie A
A11: CRIT-10 | B11: Un maillot avec le logo Adidas (les 3 bandes ou le trèfle vintage) | C11: Catégorie B
A12: CRIT-11 | B12: Un maillot avec le logo Nike (la virgule) | C12: Catégorie B
... A36: CRIT-35 | B36: Un maillot "Édition spéciale" ou "Collector" (noir et or, collab mode type Jordan/PSG, Palace/Juventus) | C36: Catégorie D

Sheet Pool de missions
A1: N° | B1: Mission
A2: 1 | B2: Un maillot avec du bleu dominant, le logo Adidas (les 3 bandes ou le trèfle vintage) et floqué avec le numéro 10.
A3: 2 | B3: Un maillot avec du blanc dominant, le logo Nike (la virgule) et floqué avec le numéro 7 ou le numéro 9.
A4: 3 | B4: Un maillot avec du rouge dominant, un autre équipementier que Nike ou Adidas (Puma, Kappa, Umbro, Hummel...) et un numéro à deux chiffres (ex: 23, 30, 99...).
A5: 4 | B5: Un maillot avec du noir ou du gris foncé, un écusson rond (type Manchester City, PSG, Chelsea...) et un numéro impair dans le dos.
A6: 5 | B6: Un maillot avec une couleur "flashy" (jaune, orange, rose ou vert fluo), un animal sur l'écusson (coq, lion, aigle, loup...) et un nom de joueur qui commence par la lettre M, C ou R (Mbappé, Ronaldo, CR7, Messi...).
A7: 6 | B7: Un maillot avec des rayures verticales (type Juventus, Argentine, Milan AC...), au moins une étoile au-dessus ou dans l'écusson (sélections ou club) et le nom d'un joueur qui ne joue plus aujourd'hui (Flocage rétro : Zidane, Henry, Ronaldinho, Beckham...).
A8: 7 | B8: Un maillot avec des motifs géométriques discrets dans le tissu, un drapeau national visible (hors écusson) et sans aucun flocage dans le dos (dos totalement vierge).
A9: 8 | B9: Un maillot avec un col à boutons (type polo), de club français (PSG, OM, OL, Lens...) et dont le numéro est écrit en blanc ou en doré.
A10: 9 | B10: Un maillot avec des manches d'une couleur différente du torse (style Arsenal/West Ham), de club étranger (Real Madrid, Barça, Juventus, Liverpool...) et floqué avec le numéro 10.
A11: 10 | B11: Un maillot avec du bleu dominant, d'une sélection nationale (France, Italie, Portugal, Brésil...) et floqué avec le numéro 7 ou le numéro 9.
A12: 11 | B12: Un maillot avec du blanc dominant, le logo Adidas (les 3 bandes ou le trèfle vintage) et un numéro à deux chiffres (ex: 23, 30, 99...).
A13: 12 | B13: Un maillot avec du rouge dominant, le logo Nike (la virgule) et un numéro impair dans le dos.
... A101: 100 | B101: Un maillot avec un animal sur l'écusson (coq, lion, aigle, loup...), floqué avec le numéro 7 ou le numéro 9 et à manches longues (ou porté avec un sous-maillot à manches longues en dessous).

Sheet Tirage du Mercato
A1: Submission ID | B1: Respondent ID | C1: Submitted at | D1: Comment tu t'appelles ?
